{"cameraMode":{"drawMode":0,"name":"Shaded","section":"Shading Mode"},"sceneLighting":true,"audioPlay":false,"sceneViewState":{"showFog":true,"showMaterialUpdate":false,"showSkybox":true,"showFlares":true,"showImageEffects":true,"showParticleSystems":true},"in2DMode":false,"pivot":{"x":-31.234066009521486,"y":-12.666496276855469,"z":-1.5670161247253419},"rotation":{"x":-0.1361922323703766,"y":0.7130000591278076,"z":-0.14439883828163148,"w":-0.6724816560745239},"size":67.2889175415039,"orthographic":false}